{
  "total_l1_norm": 168.2397647824164,
  "total_l2_norm": 4.451149400196666,
  "total_inf_norm": 2.4349143505096436,
  "max_gradient": 0.4769030213356018,
  "min_gradient": -2.4349143505096436,
  "zero_gradient_ratio": 0.00888030888030888,
  "gradient_vanishing": false,
  "gradient_exploding": false,
  "gradient_issues": [
    "\u68af\u5ea6\u5206\u5e03\u4e25\u91cd\u5de6\u504f\uff08\u504f\u5ea6\uff1a-17.08\uff09"
  ],
  "global_stats": {
    "mean": -0.0060135419480502605,
    "std": 0.05013719201087952,
    "min": -2.4349143505096436,
    "max": 0.4769030213356018,
    "median": -0.0003104204952251166,
    "q25": -0.015154359862208366,
    "q75": 0.010321227833628654,
    "skewness": -17.08200454711914,
    "kurtosis": 725.48486328125
  },
  "per_layer_stats": {
    "wavelet_processor.wavelet.directional_filters.weight": {
      "l1_norm": 6.150785446166992,
      "l2_norm": 0.5537433624267578,
      "inf_norm": 0.1075202226638794,
      "max": 0.1075202226638794,
      "min": -0.10525128245353699,
      "mean": -0.01124854851514101,
      "std": 0.037505049258470535,
      "median": -0.011376159265637398,
      "zero_ratio": 0.0,
      "shape": [
        8,
        1,
        5,
        5
      ],
      "num_params": 200,
      "outlier_count": 2,
      "outlier_ratio": 0.01,
      "max_z_score": 3.166740894317627,
      "outlier_threshold": 3.0
    },
    "wavelet_processor.wavelet_conv.0.weight": {
      "l1_norm": 17.74886703491211,
      "l2_norm": 0.7304298877716064,
      "inf_norm": 0.12664730846881866,
      "max": 0.12664730846881866,
      "min": -0.11240534484386444,
      "mean": 0.0022303753066807985,
      "std": 0.021404605358839035,
      "median": 0.001804386149160564,
      "zero_ratio": 0.0,
      "shape": [
        16,
        8,
        3,
        3
      ],
      "num_params": 1152,
      "outlier_count": 20,
      "outlier_ratio": 0.017361111111111112,
      "max_z_score": 5.812624454498291,
      "outlier_threshold": 3.0
    },
    "wavelet_processor.wavelet_conv.0.bias": {
      "l1_norm": 3.524869680404663e-05,
      "l2_norm": 1.7185891920235008e-05,
      "inf_norm": 1.5169382095336914e-05,
      "max": 1.5169382095336914e-05,
      "min": -5.632638931274414e-06,
      "mean": 2.1280720829963684e-07,
      "std": 4.2911997297778726e-06,
      "median": -3.8743019104003906e-07,
      "zero_ratio": 0.625,
      "shape": [
        16
      ],
      "num_params": 16,
      "outlier_count": 1,
      "outlier_ratio": 0.0625,
      "max_z_score": 3.4854063987731934,
      "outlier_threshold": 3.0
    },
    "wavelet_processor.wavelet_conv.1.weight": {
      "l1_norm": 0.1297113597393036,
      "l2_norm": 0.039888836443424225,
      "inf_norm": 0.023583870381116867,
      "max": 0.023583870381116867,
      "min": -0.018494363874197006,
      "mean": 6.21541403234005e-07,
      "std": 0.009972208179533482,
      "median": -0.0018421021522954106,
      "zero_ratio": 0.0,
      "shape": [
        16
      ],
      "num_params": 16,
      "outlier_count": 0,
      "outlier_ratio": 0.0,
      "max_z_score": 2.3648972511291504,
      "outlier_threshold": 3.0
    },
    "wavelet_processor.wavelet_conv.1.bias": {
      "l1_norm": 0.2833247780799866,
      "l2_norm": 0.09397592395544052,
      "inf_norm": 0.05069855600595474,
      "max": 0.039661381393671036,
      "min": -0.05069855600595474,
      "mean": 0.0014896129723638296,
      "std": 0.023446708917617798,
      "median": 0.0020970935001969337,
      "zero_ratio": 0.0,
      "shape": [
        16
      ],
      "num_params": 16,
      "outlier_count": 0,
      "outlier_ratio": 0.0,
      "max_z_score": 2.225820779800415,
      "outlier_threshold": 3.0
    },
    "wavelet_processor.wavelet_conv.3.weight": {
      "l1_norm": 33.44200897216797,
      "l2_norm": 1.2492069005966187,
      "inf_norm": 0.12107379734516144,
      "max": 0.09297806024551392,
      "min": -0.12107379734516144,
      "mean": -0.003453421639278531,
      "std": 0.036642737686634064,
      "median": -2.1712752641178668e-05,
      "zero_ratio": 0.0,
      "shape": [
        8,
        16,
        3,
        3
      ],
      "num_params": 1152,
      "outlier_count": 1,
      "outlier_ratio": 0.0008680555555555555,
      "max_z_score": 3.209923267364502,
      "outlier_threshold": 3.0
    },
    "wavelet_processor.wavelet_conv.3.bias": {
      "l1_norm": 8.427559805568308e-08,
      "l2_norm": 3.8722376416444604e-08,
      "inf_norm": 2.805609256029129e-08,
      "max": 1.6763806343078613e-08,
      "min": -2.805609256029129e-08,
      "mean": -1.776470526237972e-09,
      "std": 1.3574680934880234e-08,
      "median": -1.862645149230957e-09,
      "zero_ratio": 1.0,
      "shape": [
        8
      ],
      "num_params": 8
    },
    "wavelet_processor.wavelet_conv.4.weight": {
      "l1_norm": 0.15401765704154968,
      "l2_norm": 0.07059428095817566,
      "inf_norm": 0.04849349707365036,
      "max": 0.04849349707365036,
      "min": -0.03936784341931343,
      "mean": 9.994488209486008e-06,
      "std": 0.024958845227956772,
      "median": -0.0003460235893726349,
      "zero_ratio": 0.0,
      "shape": [
        8
      ],
      "num_params": 8
    },
    "wavelet_processor.wavelet_conv.4.bias": {
      "l1_norm": 0.3555120527744293,
      "l2_norm": 0.14419271051883698,
      "inf_norm": 0.08916983753442764,
      "max": 0.08916983753442764,
      "min": -0.04947096109390259,
      "mean": 0.007048367522656918,
      "std": 0.05049022287130356,
      "median": -0.020938120782375336,
      "zero_ratio": 0.0,
      "shape": [
        8
      ],
      "num_params": 8
    },
    "wavelet_processor.inverse_conv.weight": {
      "l1_norm": 0.8414222002029419,
      "l2_norm": 0.3407864272594452,
      "inf_norm": 0.2119835913181305,
      "max": 0.2119835913181305,
      "min": 0.035298801958560944,
      "mean": 0.10517777502536774,
      "std": 0.05877551808953285,
      "median": 0.06629573553800583,
      "zero_ratio": 0.0,
      "shape": [
        1,
        8,
        1,
        1
      ],
      "num_params": 8
    },
    "wavelet_processor.inverse_conv.bias": {
      "l1_norm": 0.0016037756577134132,
      "l2_norm": 0.0016037756577134132,
      "inf_norm": 0.0016037756577134132,
      "max": -0.0016037756577134132,
      "min": -0.0016037756577134132,
      "mean": -0.0016037756577134132,
      "std": 0.0,
      "median": -0.0016037756577134132,
      "zero_ratio": 0.0,
      "shape": [
        1
      ],
      "num_params": 1
    },
    "refine.0.weight": {
      "l1_norm": 3.1767172813415527,
      "l2_norm": 0.27960285544395447,
      "inf_norm": 0.07893291115760803,
      "max": 0.036127492785453796,
      "min": -0.07893291115760803,
      "mean": -0.002432372886687517,
      "std": 0.016295216977596283,
      "median": -2.1592783014057204e-05,
      "zero_ratio": 0.0,
      "shape": [
        32,
        1,
        3,
        3
      ],
      "num_params": 288,
      "outlier_count": 6,
      "outlier_ratio": 0.020833333333333332,
      "max_z_score": 4.694661617279053,
      "outlier_threshold": 3.0
    },
    "refine.0.bias": {
      "l1_norm": 3.220047801733017e-07,
      "l2_norm": 7.951584279908275e-08,
      "inf_norm": 3.632158041000366e-08,
      "max": 2.2817403078079224e-08,
      "min": -3.632158041000366e-08,
      "mean": -2.0590960048139095e-09,
      "std": 1.3904914553108938e-08,
      "median": 0.0,
      "zero_ratio": 1.0,
      "shape": [
        32
      ],
      "num_params": 32,
      "outlier_count": 0,
      "outlier_ratio": 0.0,
      "max_z_score": 2.4640557765960693,
      "outlier_threshold": 3.0
    },
    "refine.1.weight": {
      "l1_norm": 0.14929713308811188,
      "l2_norm": 0.033108774572610855,
      "inf_norm": 0.014389977790415287,
      "max": 0.014389977790415287,
      "min": -0.012684605084359646,
      "mean": 6.142654456198215e-07,
      "std": 0.00585285946726799,
      "median": 0.00024003679573070258,
      "zero_ratio": 0.0,